{
  "分析案例": [{
    "产品信息": [{
      "设备名称": [
        "复式压缩机"
      ],
      "部件名称": [
        "排气缓冲罐"
      ],
      "设计要求": ["none"]
    }],
    "目的信息": [
      "应力分析"
    ],
    "材料信息": [{
      "材料牌号": [
        "Q345R",
        "16Mn"
      ],
      "材料属性": [
        "弹性模量",
        "泊松比"
      ]
    }],
    "工况": [{
      "设计工况": [
        "设计压力",
        "设计温度"
      ],
      "工作工况": ["none"],
      "设计要求": ["none"]
    }]
  }]
}