{
  "分析案例": [{
    "产品信息": [{
      "设备名称": [
        "加氢精制反应器"
      ],
      "部件名称": [
        "裙座支撑区"
      ],
      "设计要求": [
        "应力强度"
      ]
    }],
    "目的信息": [
      "应力分析"
    ],
    "材料信息": [{
      "材料牌号": [
        "21/4Cr-1Mo"
      ],
      "材料属性": [
        "弹性模量",
        "泊松比"
      ]
    }],
    "工况": [{
      "设计工况": [
        "设计压力",
        "设计温度",
        "设备重量"
      ],
      "工作工况": ["none"]
    }]
  }]
}