{
  "分析案例": [{
    "产品信息": [{
      "设备名称": [
        "焦炭塔"
      ],
      "部件名称": ["none"],
      "设计要求": ["none"]
    }],
    "目的信息": [
      "模态分析"
    ],
    "材料信息": [{
      "材料牌号": [
        "20g"
      ],
      "材料属性": [
        "弹性模量",
        "密度",
        "泊松比"
      ]
    }],
    "工况": [{
      "设计工况": ["none"],
      "工作工况": ["none"]
    }]
  }]
}