{
  "分析案例": [{
    "产品信息": [{
      "设备名称": [
        "卧式固定管板换热器"
      ],
      "部件名称": [
        "管板"
      ],
      "设计要求": [
        "设计应力强度"
      ]
    }],
    "目的信息": [
      "疲劳分析"
    ],
    "材料信息": [{
      "材料牌号": [
        "0Cr17Ni12Mo2"
      ],
      "材料属性": [
        "弹性模量",
        "泊松比"
      ]
    }],
    "工况": [{
      "设计工况": [
        "壳程设计压力",
        "管程设计压力"
      ],
      "工作工况": [
        "壳程操作温度",
        "管程操作温度"
      ]
    }]
  }]
}