{
  "分析案例": [{
    "产品信息": [{
      "设备名称": [
        "变压吸附塔"
      ],
      "部件名称": ["none"],
      "设计要求": [
        "设计寿命"
      ]
    }],
    "目的信息": [
      "疲劳分析"
    ],
    "材料信息": [{
      "材料牌号": [
        "0Cr18Ni9"
      ],
      "材料属性": [
        "弹性模量",
        "泊松比"
      ]
    }],
    "工况": [{
      "设计工况": ["none"],
      "工作工况": [
        "最高工作压力",
        "最低工作压力",
        "最高工作温度"
      ]
    }]
  }]
}