{
  "分析案例": [{
    "产品信息": [{
      "设备名称": [
        "复式压缩机"
      ],
      "部件名称": [
        "排气缓冲罐"
      ],
      "设计要求": [
        "设计寿命",
        "屈服强度",
        "抗拉强度",
        "疲劳强度因子"
      ]
    }],
    "目的信息": [
      "疲劳分析"
    ],
    "材料信息": [{
      "材料牌号": [
        "Q345R"
      ],
      "材料属性": [
        "弹性模量",
        "密度",
        "泊松比"
      ]
    }],
    "工况": [{
      "设计工况": ["none"],
      "工作工况": [
        "工作压力",
        "最低工作压力"
      ]
    }]
  }]
}