{
    "分析案例": [{
        "产品信息": [{
            "产品名称": ["10MW高温气冷堆压力容器主法兰"],
            "设计要求": ["预紧状态", "设计压力状态"],
            "设计标准": ["none"]
        }],
        "目的信息": ["弹塑性接触计算", "强度校核", "接触弹塑性分析"],
        "材料信息": [{
            "15MnNi": ["泊松比"],
            "不锈钢": ["最大轴向应力", "塑性屈服"]
        }],
        "参数": [{
            "条件": [{
                "产品参数": ["最大应变", "回弹量", "接触面性质"],
                "环境工况": ["预紧力", "最大等效应力"],
                "载荷": ["均布载荷", "静力载荷"]
            }],
            "计算参数": [{
                "压力类型": ["设计压力", "工作压力"],
                "温度类型": ["设计温度"]
            }]
        }]
    }]
}