{
    "分析案例": [{
        "产品信息": [{
            "产品名称": ["10MW高温气冷实验堆反应堆压力容器"],
            "设计要求": ["应力评定"],
            "设计标准": ["none"]
        }],
        "目的信息": ["解决了高温高压下氦气密封的困难"],
        "材料信息": [{
            "石墨": ["none"],
            "NiCr-NiAl": ["none"],
            "MgO": ["none"]
        }],
        "参数": [{
            "条件": [{
                "产品参数": ["直径", "套管材料", "壁厚", "质量系数", "角焊缝取"],
                "环境工况": ["高温高压", "氦气密封"],
                "载荷": ["流体载荷", "地震载荷"]
            }],
            "计算参数": [{
                "压力类型": ["设计压力"],
                "温度类型": ["部件温度", "最高设计温度", "最高温度", "最高测量温度"]
            }]
        }]
    }]
}