{
  "分析案例": [
    {
      "产品信息": [
        {
          "产品名称": [
            "X80钢制直缝高频焊缝圆筒形压力容器"
          ],
          "设计要求": [
            "爆破压力计算",
            "米塞斯屈服准则"
          ],
          "设计标准": [
            "ASME"
          ]
        }
      ],
      "目的信息": [
        "爆破压力",
        "修正经验公式"
      ],
      "材料信息": [
        {
          "X80钢": [
            "屈强比（屈服强度与抗拉强度之比）",
            "屈服极限",
            "强度极限"
          ]
        }
      ],
      "参数": [
        {
          "条件": [
            {
              "产品参数": [
                "外径",
                "长度",
                "壁厚"
              ],
              "环境工况": [
                "外表面屈服"
              ],
              "载荷": [
                "爆破载荷"
              ]
            }
          ],
          "计算参数": [
            {
              "压力类型": [
                "内压"
              ],
              "温度类型": [
                "none"
              ]
            }
          ]
        }
      ]
    }
  ]
}