{
  "分析案例": [
    {
      "产品信息": [
        {
          "产品名称": [
            "X80钢压力容器"
          ],
          "设计要求": [
            "爆破压力"
          ],
          "设计标准": [
            "JB4732"
          ]
        }
      ],
      "目的信息": [
        "抗拉强度"
      ],
      "材料信息": [
        {
          "X80钢": [
            "泊松比",
            "弹性模量",
            "密度"
          ]
        }
      ],
      "参数": [
        {
          "条件": [
            {
              "产品参数": [
                "压力容器参数"
              ],
              "环境工况": [
                "爆破"
              ],
              "载荷": [
                "压力载荷"
              ]
            }
          ],
          "计算参数": [
            {
              "压力类型": [
                "爆破压力"
              ],
              "温度类型": [
                "工作温度"
              ]
            }
          ]
        }
      ]
    }
  ]
}