{"分析案例": [{"产品信息": [{"产品名称": ["钛合金TC4制压力容器筒体"], "设计要求": ["外压失稳", "满足稳定性要求"], "设计标准": ["GB150"]}], "目的信息": ["非线性屈曲分析", "变形量", "临界失稳点"], "材料信息": [{"TC4": ["屈服强度", "外压应力系数", "弹性模量", "泊松比"]}], "参数": [{"条件": [{"产品参数": ["筒体参数"], "环境工况": ["径向约束", "轴向简支约束", "轴向压缩应力"], "载荷": ["径向约束", "外压载荷"]}], "计算参数": [{"压力类型": ["外压", "工作压力"], "温度类型": ["none"]}]}]}]}