{
    "分析案例": [{
        "产品信息": [{
            "产品名称": ["颚式破碎机机架"],
            "设计要求": ["线性静力结构分析", "静力分析"],
            "设计标准": ["none"]
        }],
        "目的信息": ["强度分析", "刚度分析"],
        "材料信息": [{
            "Q235": ["弹性模量", "泊松比", "屈服强度", "抗压强度", "密度"]
        }],
        "参数": [{
            "条件": [{
                "产品参数": ["none"],
                "环境工况": ["无摩擦约束", ""],
                "载荷": ["压力载荷"]
            }],
            "计算参数": [{
                "压力类型": ["工作压力", "抗压强度"],
                "温度类型": ["none"]
            }]
        }]
    }]
}