{
    "分析案例": [{
        "产品信息": [{
            "产品名称": ["齿啮式压力容器Y形橡胶密封圈"],
            "设计要求": ["安全运行", "避免密封失效"],
            "设计标准": ["none"]
        }],
        "目的信息": ["硬度计算"],
        "材料信息": [{
            "Q345R": ["弹性模量", "泊松比", "材料剪切强度"],
            "丁腈橡胶（NBR）": ["线膨胀系数"]
        }],
        "参数": [{
            "条件": [{
                "产品参数": ["截面主要尺寸", "最大剪切应力", "法兰间隙"],
                "环境工况": ["接触压力"],
                "载荷": ["内压载荷", "位移载荷", "均匀温度载荷"]
            }],
            "计算参数": [{
                "压力类型": ["工作压力", "接触压力"],
                "温度类型": ["工作温度"]
            }]
        }]
    }]
}