{
    "分析案例": [{
        "产品信息": [{
            "产品名称": ["齿啮式快开压力容器"],
            "设计要求": ["结构强度", "寿命要求", "设计疲劳寿命"],
            "设计标准": ["GB150-1998"]
        }],
        "目的信息": ["塑性载荷计算", "应力分析"],
        "材料信息": [{
            "20R": ["弹性模量", "屈服强度", "设计应力强度", "许用应力", "泊松比"],
            "20锻件": ["弹性模量", "屈服强度", "设计应力强度", "许用应力", "泊松比"]
        }],
        "参数": [{
            "条件": [{
                "产品参数": ["内直径", "腐蚀裕量", "焊接接头系数"],
                "环境工况": ["水蒸气"],
                "载荷": ["塑性载荷"]
            }],
            "计算参数": [{
                "压力类型": ["工作压力"],
                "温度类型": ["工作温度", "设计温度"]
            }]
        }]
    }]
}