{
  "分析案例": [
    {
      "产品信息": [
        {
          "产品名称": [
            "卡箍式快开门压力容器"
          ],
          "设计要求": [
            "应力统计"
          ],
          "设计标准": [
            "GB150"
          ]
        }
      ],
      "目的信息": [
        "卡箍应力分布",
        "上下法兰应力分布",
        "压力容器应力分布"
      ],
      "材料信息": [
        {
          "Q235": [
            "密度",
            "弹性模量",
            "泊松比"
          ]
        }
      ],
      "参数": [
        {
          "条件": [
            {
              "产品参数": [
                "最大摩擦力"
              ],
              "环境工况": [
                "加压条件"
              ],
              "载荷": [
                "均布载荷"
              ]
            }
          ],
          "计算参数": [
            {
              "压力类型": [
                "应力强度",
                "最大应力",
                "弯曲应力"
              ],
              "温度类型": [
                "none"
              ]
            }
          ]
        }
      ]
    }
  ]
}