{"分析案例": [{"产品信息": [{"产品名称": ["快开式压力容器异型密封圈"], "设计要求": ["预加载荷", "硬度要求", "密封要求"], "设计标准": ["GB150"]}], "目的信息": ["解决密封问题", "提高使用寿命"], "材料信息": [{"16MnR": ["弹性模量", "泊松比"]}], "参数": [{"条件": [{"产品参数": ["摩擦系数", "间隙", "硬度"], "环境工况": ["none"], "载荷": ["压力载荷"]}], "计算参数": [{"压力类型": ["最大等效应力", "测试水压"], "温度类型": ["none"]}]}]}]}