{"分析案例": [{"产品信息": [{"产品名称": ["立式Ⅲ类压力容器法兰接头"], "设计要求": ["密封性能"], "设计标准": ["GB150"]}], "目的信息": ["分析计算", "应力评定"], "材料信息": [{"25Cr2MoV": ["屈服强度", "对流换热系数", "内介质对流换热系数"]}], "参数": [{"条件": [{"产品参数": ["法兰参数", "柔性石墨缠绕式垫片参数", "螺柱预紧力", "内压力", "屈服强度"], "环境工况": ["瞬态温度场", "高温高压介质"], "载荷": ["压力载荷"]}], "计算参数": [{"压力类型": ["热应力", "公称压力", "内压力", "局部最大应力"], "温度类型": ["环境温度", "介质温度", "最高温度", "最低温度"]}]}]}]}