{"分析案例": [{"产品信息": [{"产品名称": ["核压力容器法兰螺栓"], "设计要求": ["材料强度要求", "密封功能"], "设计标准": ["GB150"]}], "目的信息": ["最大薄膜应力", "最大应力", "弯曲应力强度"], "材料信息": [{"不锈钢": ["杨氏模量"]}], "参数": [{"条件": [{"产品参数": ["封头半径", "厚度", "螺栓直径", "筒体半径"], "环境工况": ["none"], "载荷": ["螺栓载荷"]}], "计算参数": [{"压力类型": ["none"], "温度类型": ["none"]}]}]}]}