{
  "分析案例": [
    {
      "产品信息": [
        {
          "产品名称": [
            "主蒸汽法兰"
          ],
          "设计要求": [
            "泄漏发生",
            " 降温速率"
          ],
          "设计标准": [
            "ASME"
          ]
        }
      ],
      "目的信息": [
        "压力容器法兰的密封性能"
      ],
      "材料信息": [
        {
          "718合金": [
            "热传导率",
            "比热容",
            "膨胀率",
            "弹性模量"
          ],
          "F91": [
            "热传导率",
            "比热容",
            "膨胀率",
            "弹性模量"
          ]
        }
      ],
      "参数": [
        {
          "条件": [
            {
              "产品参数": [
                "蒸汽联箱参数",
                "法兰参数",
                "螺栓参数",
                "内圈O型环",
                "预紧力"
              ],
              "环境工况": [
                "水",
                "蒸汽",
                "氦气"
              ],
              "载荷": [
                "温度载荷"
              ]
            }
          ],
          "计算参数": [
            {
              "压力类型": [
                "主蒸汽压力",
                "蒸汽侧压力",
                "最高应力",
                "螺栓预紧力"
              ],
              "温度类型": [
                "主蒸汽温度",
                "冷却温度"
              ]
            }
          ]
        }
      ]
    }
  ]
}