{"分析案例": [{"产品信息": [{"产品名称": ["复合盾构刀盘"], "设计要求": ["安全余量"], "设计标准": ["none"]}], "目的信息": ["力学性能", "应力", "变形分布云图"], "材料信息": [{"Q345C": ["屈服强度", "弹性模量", "泊松比"], "Q550": ["强度"]}], "参数": [{"条件": [{"产品参数": ["安全系数", "安全余量", "安全裕度", "最大变形", "允许刚度"], "环境工况": ["摩擦", "摩擦扭矩"], "载荷": ["静载荷", "摩擦载荷"]}], "计算参数": [{"压力类型": ["最大应力"], "温度类型": ["none"]}]}]}]}