{"分析案例": [{"产品信息": [{"产品名称": ["复合材料压力容器"], "设计要求": ["应力分布"], "设计标准": ["GB150"]}], "目的信息": ["最佳预紧力", "疲劳寿命"], "材料信息": [{"碳纤维复合材料": ["弹性模量", "泊松比", "压缩模量", "剪切模量", "拉伸强度"]}], "参数": [{"条件": [{"产品参数": ["预紧力", "承受压力", "压力容器参数"], "环境工况": ["水蒸气"], "载荷": ["均布外载荷"]}], "计算参数": [{"压力类型": ["工作压力", "水检实验压力", "爆破压力"], "温度类型": ["none"]}]}]}]}