{"分析案例": [{"产品信息": [{"产品名称": ["高压低温压力容器"], "设计要求": ["低温板材厚度", "设计温度", "设计压力"], "设计标准": ["GB150"]}], "目的信息": ["减小设计压力", "降低筒体直径", "合理进行压力与温度的设计工况组合"], "材料信息": [{"16MnDR": ["冲击功"], "铁素体低温钢": ["残余应力"], "奥氏体低温钢": ["低温韧性"], "09MnNiDR": ["none"], "16MnDR+316L SS": ["none"]}], "参数": [{"条件": [{"产品参数": ["none"], "环境工况": ["天然气"], "载荷": ["流体载荷"]}], "计算参数": [{"压力类型": ["最高设计压力"], "温度类型": ["最低设计温度"]}]}]}]}