{"分析案例": [{"产品信息": [{"产品名称": ["高压压力容器筒体与封头连接处"], "设计要求": ["不连续区", "高应力区", "弹性变形"], "设计标准": ["GB150"]}], "目的信息": ["应力分布", "第一、第二主应力分析"], "材料信息": [{"16MnR": ["泊松比", "弹性模量"]}], "参数": [{"条件": [{"产品参数": ["筒体参数", "封头参数"], "环境工况": ["载荷约束"], "载荷": ["压力载荷"]}], "计算参数": [{"压力类型": ["设计压力", "拉应力"], "温度类型": ["设计温度"]}]}]}]}