{"分析案例": [{"产品信息": [{"产品名称": ["封头开有极孔的CFRP压力容器壳体"], "设计要求": ["爆破试验"], "设计标准": ["GB150"]}], "目的信息": ["应力分布"], "材料信息": [{"T700纤维复合材料": ["拉伸强度", "拉伸模量", "密度", "延伸率", "线密度"], "30Si2MnCrMoVE": ["弹性模量", "泊松比"]}], "参数": [{"条件": [{"产品参数": ["缠绕角", "环向和螺旋向缠绕纤维的厚度", "应力平衡系数"], "环境工况": ["none"], "载荷": ["均布载荷"]}], "计算参数": [{"压力类型": ["最大应力", "爆破压强", "均布压力"], "温度类型": ["none"]}]}]}]}