{"分析案例": [{"产品信息": [{"产品名称": ["封头型式对压力容器"], "设计要求": ["应力集中", "封头中心"], "设计标准": ["GB150"]}], "目的信息": ["数值模拟", "应力分布"], "材料信息": [{"16MnR": ["泊松比", "弹性模量"]}], "参数": [{"条件": [{"产品参数": ["none"], "环境工况": ["none"], "载荷": ["内压载荷", "外压载荷", "重力"]}], "计算参数": [{"压力类型": ["最大应力", "最小应力内压载荷"], "温度类型": ["设计温度"]}]}]}]}