{"分析案例": [{"产品信息": [{"产品名称": ["风机叶轮"], "设计要求": ["额定转速", "结构静力学", "动力学"], "设计标准": ["none"]}], "目的信息": ["变形", "应力分布", "最大应力", "最小应力"], "材料信息": [{"15MV": ["弹性模量", "强度", "硬度", "屈服强度"]}], "参数": [{"条件": [{"产品参数": ["风机叶轮主要参数", "工作转速", "焊接强度"], "环境工况": ["流体"], "载荷": ["旋转速度载荷", "风载荷", "温度载荷"]}], "计算参数": [{"压力类型": ["最大等效应力"], "温度类型": ["工作温度"]}]}]}]}