{
    "分析案例": [{
        "产品信息": [{
            "产品名称": ["反应堆压力容器"],
            "设计要求": ["各种工况下均能保证结构的完整性"],
            "设计标准": ["none"]
        }],
        "目的信息": ["应力强度", "疲劳分析", "应力分布"],
        "材料信息": [{
            "16MND5": ["泊松比", "比热容", "密度", "弹性模量"],
            "Z2CND18-12": ["泊松比", "比热容", "密度", "弹性模量"],
            "NC30Fe": ["泊松比", "比热容", "密度", "弹性模量"]
        }],
        "参数": [{
            "条件": [{
                "产品参数": ["最大应力", "疲劳使用系数", "疲劳交变应力"],
                "环境工况": ["none"],
                "载荷": ["自重", "内压", "热膨胀", "地震", "管道载荷"]
            }],
            "计算参数": [{
                "压力类型": ["均布压力"],
                "温度类型": ["设计温度"]
            }]
        }]
    }]
}