{"分析案例": [{"产品信息": [{"产品名称": ["反应堆压力容器"], "设计要求": ["弹塑性断裂力学分析", "静态分析"], "设计标准": ["none"]}], "目的信息": ["应力强度因子", "热应变", "J积分"], "材料信息": [{"16MND5": ["裕度", "弹性模量", "泊松比"]}], "参数": [{"条件": [{"产品参数": ["半椭圆表面裂尺寸"], "环境工况": ["none"], "载荷": ["温度瞬态载荷"]}], "计算参数": [{"压力类型": ["瞬态压力", "设计压力"], "温度类型": ["工作温度", "设计温度"]}]}]}]}