{"分析案例": [{"产品信息": [{"产品名称": ["圆柱滚子轴承"], "设计要求": ["疲劳", "断裂分析"], "设计标准": ["GB150"]}], "目的信息": ["应力分布", "热应力", "最大接触应力"], "材料信息": [{"复合材料": ["当量弹性模量", "泊松比"]}], "参数": [{"条件": [{"产品参数": ["内径", "外径", "轴承宽度", "滚动体直径"], "环境工况": ["none"], "载荷": ["机械载荷", "径向载荷"]}], "计算参数": [{"压力类型": ["最大工作压力"], "温度类型": ["工作温度"]}]}]}]}