{
    "分析案例": [{
        "产品信息": [{
            "产品名称": ["剖分环式快开门压力容器"],
            "设计要求": ["对称约束", "非线性分析计算"],
            "设计标准": ["JB4732-95"]
        }],
        "目的信息": ["应力分布"],
        "材料信息": [{
            "WCB": ["许用应力"],
            "35#": ["许用应力", "弹性模量"],
            "25Cr2Mo1V": ["许用应力", "弹性模量", "密度"]
        }],
        "参数": [{
            "条件": [{
                "产品参数": ["模型参数"],
                "环境工况": ["none"],
                "载荷": ["内压载荷"]
            }],
            "计算参数": [{
                "压力类型": ["许用应力", "最大应力强度", "一次应力", "二次应力"],
                "温度类型": ["设计温度"]
            }]
        }]
    }]
}