{
    "分析案例": [{
        "产品信息": [{
            "产品名称": ["球形压力容器"],
            "设计要求": ["作用力低于屈服极限"],
            "设计标准": ["none"]
        }],
        "目的信息": ["形变分布", "应力分布"],
        "材料信息": [{
            "15MnMoVN": ["弹性模量", "泊松比", "压缩模量", "剪切模量", "拉伸强度"]
        }],
        "参数": [{
            "条件": [{
                "产品参数": ["中心波长", "环向应力", "屈服极限"],
                "环境工况": ["惰性气体"],
                "载荷": ["压力载荷"]
            }],
            "计算参数": [{
                "压力类型": ["工作压力", "最大工作压力"],
                "温度类型": ["工作温度"]
            }]
        }]
    }]
}