{
    "分析案例": [{
        "产品信息": [{
            "产品名称": ["球形压力容器"],
            "设计要求": ["压力容器的安全性", "结构强度"],
            "设计标准": ["GB150"]
        }],
        "目的信息": ["应力分布"],
        "材料信息": [{
            "15MnMoVN钢": ["弹性模量", "强度极限", "屈服强度", "断后延长率", "泊松比"],
            "光纤布喇格光栅": ["波长", "有效弹光系数"]
        }],
        "参数": [{
            "条件": [{
                "产品参数": ["高压球形压力容器球体几何参数"],
                "环境工况": ["惰性气体"],
                "载荷": ["压力载荷"]
            }],
            "计算参数": [{
                "压力类型": ["工作压力", "最大工作压力", "常态压力"],
                "温度类型": ["室温"]
            }]
        }]
    }]
}