{"分析案例": [{"产品信息": [{"产品名称": ["碳纤维缠绕铝内胆压力容器"], "设计要求": ["动力爆破情况"], "设计标准": ["GB150"]}], "目的信息": ["评估安全可靠性", "爆破动力分析"], "材料信息": [{"2#材料": ["弹性模量", "剪切模量", "密度", "泊松比"], "54#／55#材料": ["弹性模量", "剪切模量", "密度", "泊松比"]}], "参数": [{"条件": [{"产品参数": ["轴向拉伸强度", "横向拉伸强度", "剪切强度", "横向压缩强度", "强度极限"], "环境工况": ["水压爆破"], "载荷": ["压力载荷"]}], "计算参数": [{"压力类型": ["爆破压力", "内胆压力"], "温度类型": ["none"]}]}]}]}