{
    "分析案例": [{
        "产品信息": [{
            "产品名称": ["低温分离器"],
            "设计要求": ["低温工作环境", "安全问题", "腐蚀失效"],
            "设计标准": ["GB150"]
        }],
        "目的信息": ["应力分布", "弹塑性断裂", "应力分析"],
        "材料信息": [{
            "09MnNiDR": ["热膨胀系数", "屈服应力"],
            "SAF2205钢": ["弹性模量", "泊松比"]
        }],
        "参数": [{
            "条件": [{
                "产品参数": ["壁厚", "高度", "内径"],
                "环境工况": ["应力"],
                "载荷": ["均布载荷"]
            }],
            "计算参数": [{
                "压力类型": ["最高工作压力", "最低工作压力"],
                "温度类型": ["工作温度"]
            }]
        }]
    }]
}