{
    "分析案例": [{
        "产品信息": [{
            "产品名称": ["低温液氩储罐"],
            "设计要求": ["介质液体", "承压"],
            "设计标准": ["GB150-1998"]
        }],
        "目的信息": ["应力分析", "应力强度"],
        "材料信息": [{
            "不锈钢1Cr18Ni9Ti": ["许用应力", "腐蚀裕量"],
            "Q235-B": ["none"]
        }],
        "参数": [{
            "条件": [{
                "产品参数": ["公称直径", "容积", "单位容积充装量", "装量系数"],
                "环境工况": ["none"],
                "载荷": ["液体载荷"]
            }],
            "计算参数": [{
                "压力类型": ["最大工作压力"],
                "温度类型": ["最大温度", "工作温度"]
            }]
        }]
    }]
}