{
    "分析案例": [{
        "产品信息": [{
            "产品名称": ["管壳式换热器"],
            "设计要求": ["非均匀性静载荷", "结构变形行为", "非均匀热载荷"],
            "设计标准": ["GB151—2014"]
        }],
        "目的信息": ["结构模型优化设计"],
        "材料信息": [{
            "16Mn钢": ["线膨胀系数", "弹性模量", "泊松比"]
        }],
        "参数": [{
            "条件": [{
                "产品参数": ["曲率", "圆筒体参数", "温差"],
                "环境工况": ["none"],
                "载荷": ["非均匀性静载荷", "非均匀热载荷", "风载"]
            }],
            "计算参数": [{
                "压力类型": ["none"],
                "温度类型": ["管程侧表面当量温度", "壳程侧表面当量温度", "进口温度", "出口温度"]
            }]
        }]
    }]
}