{"分析案例": [{"产品信息": [{"产品名称": ["压力容器斜大开孔"], "设计要求": ["避免应力集中", ""], "设计标准": ["ASMEⅧ"]}], "目的信息": ["应力分析"], "材料信息": [{"钢20": ["屈服极限", "热态许用应力", "冷热态平均许用应力", "弹性模量", "泊松比"]}], "参数": [{"条件": [{"产品参数": ["简体规格", "开孔接管规格", "管口中心线与筒体夹角"], "环境工况": ["none"], "载荷": ["内压载荷", "外载荷"]}], "计算参数": [{"压力类型": ["设计压力"], "温度类型": ["设计温度"]}]}]}]}