{"分析案例": [{"产品信息": [{"产品名称": ["压力容器不连续区"], "设计要求": ["应力分布"], "设计标准": ["JB4732"]}], "目的信息": ["不连续区优化设计"], "材料信息": [{"16MnR": ["泊松比", "弹性模量"]}], "参数": [{"条件": [{"产品参数": ["筒体参数", "集中系数"], "环境工况": ["均布载荷"], "载荷": ["压力载荷", "面载荷"]}], "计算参数": [{"压力类型": ["工作压力", "最大应力"], "温度类型": ["设计温度"]}]}]}]}