{"分析案例": [{"产品信息": [{"产品名称": ["压力容器及管道"], "设计要求": ["预测剩余寿命", "剩余强度"], "设计标准": [" ASME—B3IG", "API579 准则"]}], "目的信息": ["局部应力计算"], "材料信息": [{"20钢": ["泊松比", "颜色", "弹性模量", "腐蚀速率"]}], "参数": [{"条件": [{"产品参数": ["腐蚀管道剩余强度", "腐蚀速率", "最大允许腐蚀深度"], "环境工况": ["腐蚀缺陷", "焊接缺陷", "天然气"], "载荷": ["none"]}], "计算参数": [{"压力类型": ["局部应力", "极限承压", "工作压力"], "温度类型": ["none"]}]}]}]}