{"分析案例": [{"产品信息": [{"产品名称": ["压力容器"], "设计要求": ["变形情况", "应力分析"], "设计标准": ["GB150.3-2011"]}], "目的信息": ["应力场分析", "计算应力", "计算应变", "最大位移"], "材料信息": [{"16MnR": ["弹性模量", "泊松比", "密度"], "20MnMo": ["弹性模量", "泊松比", "密度"]}], "参数": [{"条件": [{"产品参数": ["筒体尺寸", "加强板尺寸", "接管尺寸"], "环境工况": ["压力约束"], "载荷": ["均布载荷"]}], "计算参数": [{"压力类型": ["最大应力", "设计压力"], "温度类型": ["设计温度"]}]}]}]}