{"分析案例": [{"产品信息": [{"产品名称": ["压力容器快开门法兰"], "设计要求": ["强度要求"], "设计标准": ["GB150-1998", "JB4732"]}], "目的信息": ["强度评定"], "材料信息": [{"16Mn": ["泊松比", "弹性模量", "密度"]}], "参数": [{"条件": [{"产品参数": ["蒸压釜快开装置参数"], "环境工况": ["none"], "载荷": ["压力载荷"]}], "计算参数": [{"压力类型": ["设计压力", "一次局部薄膜应力强度", "一次应力加二次应力组会应力强度", "峰值应力强度"], "温度类型": ["设计温度"]}]}]}]}