{"分析案例": [{"产品信息": [{"产品名称": ["压力容器疲劳分析设计"], "设计要求": ["疲劳分析设计", "防止疲劳失效", "有限寿命设计"], "设计标准": ["JB4732-1995"]}], "目的信息": ["极限载荷", "安定载荷", "疲劳寿命", "静强度计算", "疲劳计算"], "材料信息": [{"Q345R": ["设计应力强度", "弹性模量", "泊松比"], "16Mn": ["设计应力强度", "弹性模量", "泊松比"], "35CrMoA": ["设计应力强度", "弹性模量", "泊松比"]}], "参数": [{"条件": [{"产品参数": ["腐蚀裕量", "循环次数"], "环境工况": ["水", " 灰渣"], "载荷": ["循环载荷"]}], "计算参数": [{"压力类型": ["操作压力", "设计压力"], "温度类型": ["操作温度", "设计温度"]}]}]}]}