{"分析案例": [{"产品信息": [{"产品名称": ["压力容器开孔补强"], "设计要求": ["应变强化压力容器"], "设计标准": ["EN13458-2002"]}], "目的信息": ["应力强度水平", "塑性应变量", "应力强度"], "材料信息": [{"奥氏体不锈钢": ["许用应力", "弹性模量", "密度"]}], "参数": [{"条件": [{"产品参数": ["屈服强度", "抗拉强度"], "环境工况": ["none"], "载荷": ["压力载荷"]}], "计算参数": [{"压力类型": ["强化压力", "设计压力"], "温度类型": ["none"]}]}]}]}