{"分析案例": [{"产品信息": [{"产品名称": ["压力容器管板"], "设计要求": ["变形情况", "应力分析"], "设计标准": ["GB150"]}], "目的信息": ["应力场分析", "计算应力", "计算应变"], "材料信息": [{"16MnR": ["弹性模量", "泊松比", "密度"], "20MnMo": ["弹性模量", "泊松比", "密度"]}], "参数": [{"条件": [{"产品参数": ["设计压力", "许用应力"], "环境工况": ["应力约束"], "载荷": ["面载荷"]}], "计算参数": [{"压力类型": ["最大应力", "设计压力"], "温度类型": ["none"]}]}]}]}