{"分析案例": [{"产品信息": [{"产品名称": ["压力容器"], "设计要求": ["性能指标"], "设计标准": ["GB150"]}], "目的信息": ["优化设计", "数值分析"], "材料信息": [{"20钢": ["弹性模量", "泊松比", "压缩模量", "剪切模量", "拉伸强度"]}], "参数": [{"条件": [{"产品参数": ["容器参数", "最大变形量", "许用应力"], "环境工况": ["none"], "载荷": ["内压力载荷"]}], "计算参数": [{"压力类型": ["最大内压力", "最大应力"], "温度类型": ["none"]}]}]}]}