{"分析案例": [{"产品信息": [{"产品名称": ["压力容器管口"], "设计要求": ["法兰简化", "密封性能"], "设计标准": ["GB150"]}], "目的信息": ["疲劳分析"], "材料信息": [{"Q235": ["许用应力", "弹性模量", "密度"]}], "参数": [{"条件": [{"产品参数": ["管口局部参数"], "环境工况": ["低温氮气"], "载荷": ["对称载荷", "压力载荷"]}], "计算参数": [{"压力类型": ["二次应力", "峰值应力", "应力峰值强度", "计算压力"], "温度类型": ["none"]}]}]}]}