{"分析案例": [{"产品信息": [{"产品名称": ["压力容器"], "设计要求": ["结构", "载荷不连接处", "应力集中处"], "设计标准": ["JB4732-1995"]}], "目的信息": ["疲劳强度分析"], "材料信息": [{"Q235": ["屈服强度", "外压应力系数", "弹性模量", "泊松比"]}], "参数": [{"条件": [{"产品参数": ["疲劳损伤系数", "许用疲劳次数", "强度极限", "屈服极限", "容器壳体参数,腐蚀裕量"], "环境工况": ["径向约束", "轴向简支约束", "轴向压缩应力"], "载荷": ["交变载荷"]}], "计算参数": [{"压力类型": ["外压", "工作压力", "最大应力", "设计压力"], "温度类型": ["设计温度", "工作温度"]}]}]}]}