{"分析案例": [{"产品信息": [{"产品名称": ["压力容器"], "设计要求": ["压力容器设计分析 "], "设计标准": ["JB4732-1995"]}], "目的信息": ["强度分析", "疲劳寿命计算"], "材料信息": [{"16MnR": ["弹性模量", "泊松比"], "16MnⅢ": ["弹性模量", "泊松比"]}], "参数": [{"条件": [{"产品参数": ["局部峰值应力", "封头尺寸", "筒体尺寸", "腐蚀裕量"], "环境工况": ["最高压力条件下", "最低压力条件下"], "载荷": ["压力载荷"]}], "计算参数": [{"压力类型": ["局部峰值应力", "一次应力", "薄膜应力", "计算压力", "最高压力", "最低压力"], "温度类型": ["计算温度"]}]}]}]}