{"分析案例": [{"产品信息": [{"产品名称": ["压力容器开孔补强"], "设计要求": ["容器封头与接管连接处"], "设计标准": ["ENl3458--2002"]}], "目的信息": ["应力强度", "塑性应变分布"], "材料信息": [{"S30408奥氏体不锈钢": ["密度", "弹性模量", "泊松比", "屈服强度", "抗拉强度"]}], "参数": [{"条件": [{"产品参数": ["筒体参数"], "环境工况": ["强化压力"], "载荷": ["分步压力载荷"]}], "计算参数": [{"压力类型": ["强化压力", "设计压力", "最大应力"], "温度类型": ["none"]}]}]}]}