{"分析案例": [{"产品信息": [{"产品名称": ["压力容器接管结构"], "设计要求": ["强度计算", "附加外载荷", "避免应力集中现象", "峰值应力", "一次应力", "二次应力"], "设计标准": ["GB150-2011", "JB4732-2005"]}], "目的信息": ["应力分布", "强度校核", "应力强度分布"], "材料信息": [{" Q345R": ["腐蚀裕量", "弹性模量", "泊松比", "许用应力"]}], "参数": [{"条件": [{"产品参数": ["开孔率", "筒体参数", "接管参数"], "环境工况": ["应力对称分布"], "载荷": ["联合静载荷", "风载荷", "地震载荷", "压力载荷 "]}], "计算参数": [{"压力类型": ["单一内部压力", "设计压力"], "温度类型": ["设计温度"]}]}]}]}