{"分析案例": [{"产品信息": [{"产品名称": ["压力容器开孔接管区"], "设计要求": ["承压要求"], "设计标准": ["none"]}], "目的信息": ["应力分析"], "材料信息": [{"16MnR": ["弹性模量", "泊松比", "最大许用应力"]}], "参数": [{"条件": [{"产品参数": ["圆筒内径", "壁厚", "长度", "内径", "壁厚", "接管长度", "补强圈外径"], "环境工况": ["内压", "边缘应力"], "载荷": ["对称载荷"]}], "计算参数": [{"压力类型": ["静压力", "轴向内压", "承受内压"], "温度类型": ["设计温度"]}]}]}]}