{"分析案例": [{"产品信息": [{"产品名称": ["双螺杆挤出机闭合筒体"], "设计要求": ["筒体强度", "扭转变形"], "设计标准": ["none"]}], "目的信息": ["应力分析", "应变分析"], "材料信息": [{"38CrMoAl": ["弹性模量", "泊松比", "线膨胀系数", "密度", "热导率", "比热容"]}], "参数": [{"条件": [{"产品参数": ["壁温", "简体壁厚", "径向位移", "周向位移", "筒体本体温度"], "环境工况": ["水", "水蒸气"], "载荷": ["静力载荷", "流体载荷"]}], "计算参数": [{"压力类型": ["none"], "温度类型": ["工作温度"]}]}]}]}