{"分析案例": [{"产品信息": [{"产品名称": ["行星滚柱丝杠"], "设计要求": ["传动原理", "运动关系"], "设计标准": ["none"]}], "目的信息": ["模态分析", "螺纹啮合部位的静应力", "疲劳破坏", "疲劳分析"], "材料信息": [{"高碳铬轴承钢": ["弹性模量", "泊松比", "密度"]}], "参数": [{"条件": [{"产品参数": ["丝杠参数", "单螺母", "载荷因子"], "环境工况": ["静应力", "疲劳破坏", "运动约束", "零件接触"], "载荷": ["静载荷", "极限静载荷", "等效载荷", "交变载荷"]}], "计算参数": [{"压力类型": ["等效载荷", "有效承载载荷"], "温度类型": ["none"]}]}]}]}