{"分析案例": [{"产品信息": [{"产品名称": ["无线充电线圈的铁氧体"], "设计要求": ["线圈周围磁分布"], "设计标准": ["J2954"]}], "目的信息": ["铁氧体磁片参数对传输线圈的影响"], "材料信息": [{"锰锌铁氧体": ["磁导率", "涡流电流体密度", "感生电动势"]}], "参数": [{"条件": [{"产品参数": ["铁氧体磁片的面积", "厚度", "线圈的距离", "真空磁导率", "线圈匝数", "仿真线圈参数"], "环境工况": ["等效交流电阻", "磁场"], "载荷": ["none"]}], "计算参数": [{"压力类型": ["none"], "温度类型": ["none"]}]}]}]}