{
    "分析案例": [{
        "产品信息": [{
            "产品名称": ["半内嵌式带肋外墙板"],
            "设计要求": ["受力", "变形"],
            "设计标准": ["GB50009—2012"]
        }],
        "目的信息": ["抗风承载力要求"],
        "材料信息": [{
            "Q235B": ["屈服强度", "屈服应变", "抗拉强度", "极限应变", "弹性模量", "泊松比"]
        }],
        "参数": [{
            "条件": [{
                "产品参数": ["抗风承载力", "挠度", "阵风系数", "风荷载局部体型系数"],
                "环境工况": ["风载荷"],
                "载荷": ["风荷载", "均布荷载"]
            }],
            "计算参数": [{
                "压力类型": ["风压", "最大压力"],
                "温度类型": ["none"]
            }]
        }]
    }]
}