{
    "分析案例": [{
        "产品信息": [{
            "产品名称": ["薄板压力容器盖"],
            "设计要求": ["热一结构耦合分析"],
            "设计标准": ["GB150"]
        }],
        "目的信息": ["压力分析", "热应力分析"],
        "材料信息": [{
            "Q235": ["导热系数", "对流系数", "辐射率", "形状系数"]
        }],
        "参数": [{
            "条件": [{
                "产品参数": ["模型几何参数"],
                "环境工况": ["稳态分析", "空气对流"],
                "载荷": ["热载荷", "压力载荷"]
            }],
            "计算参数": [{
                "压力类型": ["最大工作压力"],
                "温度类型": ["设计温度", "环境温度"]
            }]
        }]
    }]
}